發音,起始時間,終止時間
欸嗨大家好我是HowHow，快到畢業季ㄌ，這幾年來HowFun一直有收到很多學校傳來的信件，邀請我們幫他們拍攝畢業祝福的影片，但我在這邊想要跟很多的學校說聲抱歉，一直以來HowFun除了我自己的母校還有同事們的母校之外呢，因為時間上的關係，可能沒有辦法一一的拍攝給大家的祝福影片，所以! 我決定發明了一個辦法，讓每一個年度每一個學校的學生都可以收到HowHow的畢業祝福影片!,0.19,23.54
這個辦法其實非常簡單，我只要把所有國字都念一次就好了，到時候同學就可以下載這個影片,23.78,29.32
(*ablabala....*) 祝福,29.37,35.09
的同學,36.12,36.96
鵬程萬里畢業快樂,37.31,39.5
步步高升畢業快樂,40.3,42.43
前程似錦畢業快樂,42.78,45.12
大鵬展翅畢業快樂,45.67,48.15
指考一百分! 畢業快樂,48.51,51.01
ㄅㄅ,51.81,52.45
再來! 就是所有字的素材了，我們剛剛查了一下，大概有..幾百個字，幾百個字要念，而且每一個字都要有..四聲到五聲..(*吸氣*),53.11,62.02
let's go! 想要跳過素材的觀眾，你可以直接滑到時間軸的...ㄜ大概..大概這個位置...好不好，自己滑，開始囉,62.03,66.9
ba1,71.39,72.01
ba2,72.28,72.9
ba3,73.19,73.61
ba4,74.02,74.57
ba5,75.03,75.4
bo1,76.05,76.67
bo2,76.84,77.46
bo3,77.66,78.18
bo4,78.47,79.03
bo5,79.41,79.77
bai1,80.21,80.84
bai2,81.03,81.64
bai3,81.85,82.31
bai4,82.67,83.17
bei1,83.54,84.13
bei2,84.35,84.94
bei3,85.24,85.68
bei4,86.1,86.61
bei5,87.02,87.39
bao1,87.84,88.44
bao2,88.64,89.23
bao3,89.46,89.86
bao4,90.22,90.71
bao5,91.06,91.41
ban1,91.77,92.37
ban2,92.54,93.08
ban3,93.3,93.71
ban4,94.1,94.55
ben1,94.96,95.48
ben2,95.8,96.32
ben3,96.6,97
ben4,97.43,97.88
bang1,98.3,98.85
bang2,99.08,99.61
bang3,99.84,100.2
bang4,100.58,101
beng1,101.43,101.98
beng2,102.21,102.72
beng3,102.96,103.32
beng4,103.67,104.09
bi1,104.44,104.97
bi2,105.23,105.73
bi3,106.02,106.41
bi4,106.85,107.3
bie1,107.82,108.43
bie2,108.54,109.12
bie3,109.31,109.71
bie4,110.03,110.5
biao1,111.01,111.61
biao2,111.88,112.46
biao3,112.83,113.24
biao4,113.71,114.18
bian1,114.58,115.2
bian2,115.44,115.99
bian3,116.33,116.76
bian4,117.16,117.62
bin1,118.11,118.68
bin2,118.93,119.47
bin3,119.77,120.14
bin4,120.61,121.04
bing1,121.61,122.19
bing2,122.45,122.97
bing3,123.31,123.65
bing4,124.07,124.5
bu1,124.86,125.41
bu2,125.75,126.26
bu3,126.62,127.03
bu4,127.46,127.93
再來換ㄆ了,128.23,129.1
pa1,129.37,129.95
pa2,130.21,130.79
pa3,131.06,131.51
pa4,131.84,132.35
po1,132.76,133.35
po2,133.61,134.19
po3,134.48,134.97
po4,135.36,135.92
pai1,136.41,137.03
pai2,137.27,137.9
pai3,138.08,138.53
pai4,138.9,139.45
pei1,139.88,140.47
pei2,140.7,141.28
pei3,141.52,141.98
pei4,142.31,142.81
pao1,143.26,143.87
pao2,144.08,144.65
pao3,144.88,145.33
pao4,145.62,146.13
pou1,146.65,147.26
pou2,147.37,147.92
pou3,148.15,148.59
pou4,148.88,149.37
pan1,149.85,150.43
pan2,150.67,151.22
pan3,151.47,151.89
pan4,152.3,152.78
pen1,153.16,153.73
pen2,153.89,154.47
pen3,154.73,155.15
pen4,155.5,155.96
pang1,156.31,156.9
pang2,157.13,157.67
pang3,157.93,158.36
pang4,158.73,159.2
peng1,159.58,160.19
peng2,160.44,161.01
peng3,161.3,161.73
peng4,162.11,162.61
pi1,163.02,163.64
pi2,163.83,164.39
pi3,164.55,165.21
pi4,165.37,165.89
,165.97,166.22
"pie1,2",166.36,167.75
pie3,167.85,168.36
pie4,168.57,169.12
piao1,169.55,170.21
piao2,170.42,171.07
piao3,171.26,171.8
piao4,172.03,172.61
pian1,173.01,173.63
pian2,173.83,174.42
pian3,174.67,175.16
pian4,175.44,175.97
pin1,176.39,176.98
pin2,177.24,177.8
pin3,178.04,178.52
pin4,178.85,179.36
ping1,179.72,180.32
ping2,180.49,181.07
ping3,181.3,181.72
ping4,182.07,182.58
pu1,182.97,183.56
pu2,183.82,184.42
pu3,184.65,185.15
pu4,185.5,186.05
喘氣,186.39,186.84
再來換ㄇ了,187.06,187.9
ma1,188.14,188.76
ma2,188.98,189.59
ma3,189.8,190.24
ma4,190.6,191.11
ma5,191.47,191.89
mo1,192.24,192.9
mo2,193.04,193.68
mo3,193.9,194.43
mo4,194.67,195.22
mo5,195.81,196.2
龍麼蔔,196.37,197.37
me1,197.57,198.17
me2,198.43,198.98
me3,199.22,199.68
me4,200.03,200.54
me5,201.34,201.73
mai1,202.11,202.74
mai2,202.94,203.55
mai3,203.72,204.18
mai4,204.48,205
mei1,205.45,206.09
mei2,206.31,206.91
mei3,207.13,207.62
mei4,208,208.51
mei5,208.92,209.32
mao1,209.75,210.42
mao2,210.59,211.19
mao3,211.4,211.86
mao4,212.12,212.7
mou1,213.07,213.69
mou2,213.87,214.42
mou3,214.67,215.13
mou4,215.46,215.99
man1,216.36,216.97
man2,217.18,217.78
man3,218.05,218.5
man4,218.86,219.39
men1,219.74,220.38
men2,220.39,221.17
men3,221.42,221.86
men4,222.18,222.71
mang1,223.09,223.71
mang2,223.9,224.48
mang3,224.79,225.19
mang4,225.57,226.06
meng1,226.39,227
meng2,227.19,227.71
meng3,227.99,228.43
meng4,228.73,229.2
mi1,229.58,230.23
mi2,230.42,231.02
mi3,231.3,231.84
mi4,232.11,232.61
mie1,232.92,233.62
mie2,233.72,234.38
mie3,234.62,235.13
mie4,235.38,235.9
miao1,236.19,236.86
miao2,237.05,237.67
miao3,237.88,238.37
miao4,238.66,239.2
miu1,239.53,240.24
miu2,240.4,241.03
miu3,241.24,241.74
miu4,242,242.6
mian1,242.96,243.68
mian2,243.8,244.48
mian3,244.61,245.15
mian4,245.42,246
min1,246.35,247
min2,247.21,247.82
min3,248.05,248.53
min4,248.86,249.4
ming1,249.77,250.4
ming2,250.6,251.21
ming3,251.47,252.02
ming4,252.29,252.84
mu1,253.21,253.84
mu2,254.14,254.73
mu3,254.99,255.49
mu4,255.87,256.39
,256.58,256.81
ㄈ,256.94,257.43
fa1,257.71,258.32
fa2,258.56,259.2
fa3,259.55,260
fa4,260.44,260.98
fo1,261.39,262.03
fo2,262.35,262.9
fo3,263.18,263.58
fo4,263.99,264.45
fei1,264.77,265.37
fei2,265.61,266.18
fei3,266.43,266.92
fei4,267.27,267.79
fou1,268.15,268.75
fou2,269.03,269.61
fou3,269.98,270.39
fou4,270.8,271.29
fan1,271.56,272.22
fan2,272.53,273.05
fan3,273.39,273.8
fan4,274.23,274.68
喘氣2,275.16,275.62
我大概念了...十分之一了,276.22,278.75
let's go,278.8,279.61
fen1,279.8,280.41
fen2,280.7,281.35
fen3,281.61,282.01
fen4,282.38,282.91
fang1,283.21,283.91
fang2,284.1,284.67
fang3,284.93,285.3
fang4,285.69,286.16
feng1,286.5,287.1
feng2,287.34,287.89
feng3,288.08,288.58
feng4,288.99,289.44
fu1,289.77,290.39
fu2,290.67,291.25
fu3,291.55,292.09
fu4,292.52,293.04
da1,293.38,293.96
da2,294.28,294.86
da3,295.19,295.63
da4,296.15,296.62
de1,296.97,297.58
de2,297.85,298.44
de3,298.73,299.17
de4,299.64,300.1
dai1,300.54,301.17
dai2,301.41,301.98
dai3,302.3,302.73
dai4,303.25,303.7
dei1,304.05,304.67
dei2,304.9,305.48
dei3,305.82,306.22
dei4,306.69,307.18
dao1,307.52,308.15
dao2,308.39,308.99
dao3,309.27,309.7
dao4,310.08,310.58
dou1,310.91,311.54
dou2,311.75,312.31
dou3,312.64,313.08
dou4,313.55,314.03
dan1,314.42,315.04
dan2,315.28,315.85
dan3,316.15,316.54
dan4,316.99,317.43
dang1,317.8,318.38
dang2,318.66,319.21
dang3,319.56,319.94
,319.98,320.19
dang4,320.41,320.83
deng1,321.14,321.75
deng2,321.97,322.52
deng3,322.85,323.25
deng4,323.68,324.13
di1,324.44,325.03
di2,325.31,325.87
di3,326.19,326.57
di4,327.06,327.5
die1,327.91,328.54
die2,328.82,329.42
die3,329.73,330.13
die4,330.58,331.07
diao1,331.44,332.09
diao2,332.31,332.94
diao3,333.19,333.63
diao4,334.04,334.54
diu1,334.83,335.46
diu2,335.74,336.32
diu3,336.68,337.12
diu4,337.55,338.08
dian1,338.42,339.04
dian2,339.29,339.89
dian3,340.14,340.59
dian4,340.93,341.39
ding1,341.64,342.23
ding2,342.49,343.03
ding3,343.38,343.75
ding4,344.23,344.71
du1,345.04,345.62
du2,345.93,346.5
du3,346.8,347.21
du4,347.62,348.08
duo1,348.41,349.05
duo2,349.24,349.84
duo3,350.1,350.53
duo4,350.91,351.4
dui1,351.68,352.26
dui2,352.55,353.11
dui3,353.41,353.81
dui4,354.26,354.73
duan1,355.18,355.82
duan2,356.06,356.67
duan3,356.96,357.36
duan4,357.82,358.3
dun1,358.64,359.2
dun2,359.56,360.07
dun3,360.41,360.81
dun4,361.22,361.67
dong1,362.09,362.68
dong2,363.01,363.54
dong3,363.92,364.36
dong4,364.83,365.25
ㄊ,365.62,366.13
ㄊㄊ,366.24,366.86
ta1,367.11,367.72
ta2,368.01,368.62
ta3,368.91,369.38
ta4,369.79,370.35
te1,370.61,371.23
te2,371.46,372.08
te3,372.4,372.87
te4,373.31,373.84
tai1,374.15,374.74
tai2,375.08,375.74
tai3,376.09,376.56
tai4,376.99,377.53
tao1,377.84,378.48
tao2,378.73,379.38
tao3,379.71,380.23
tao4,380.64,381.19
tou1,381.55,382.19
tou2,382.48,383.12
tou3,383.49,383.98
tou4,384.4,384.94
tan1,385.25,385.79
tan2,386.14,386.78
tan3,387.12,387.57
風切1,387.69,387.9
tan4,387.96,388.47
tang1,388.79,389.41
tang2,389.7,390.32
tang3,390.6,391.02
tang4,391.36,392.03
teng1,392.4,393.02
teng2,393.29,393.92
teng3,394.22,394.69
teng4,395.13,395.65
ti1,395.87,396.47
ti2,396.75,397.35
ti3,397.64,398.11
ti4,398.53,399.08
tie1,399.31,400
tie2,400.19,400.91
tie3,401.16,401.69
tie4,402.06,402.67
tiao1,402.91,403.61
tiao2,403.86,404.56
tiao3,404.78,405.33
tiao4,405.71,406.31
tian1,406.53,407.19
tian2,407.43,408.07
tian3,408.39,408.89
tian4,409.33,409.85
ting1,410.19,410.84
ting2,411.11,411.74
ting3,412.04,412.5
ting4,412.9,413.43
tu1,413.63,414.26
tu2,414.48,415.12
tu3,415.39,415.87
tu4,416.3,416.84
tuo1,417.13,417.79
tuo2,417.96,418.65
tuo3,418.88,419.37
tuo4,419.69,420.26
tui1,420.62,421.28
tui2,421.45,422.11
tui3,422.32,422.82
tui4,423.16,423.72
tuan1,423.92,424.56
tuan2,424.78,425.41
tuan3,425.64,426.14
tuan4,426.49,427.03
tun1,427.28,427.86
tun2,428.2,428.84
tun3,429.1,429.61
tun4,430.01,430.57
tong1,430.83,431.48
tong2,431.77,432.41
tong3,432.69,433.16
tong4,433.59,434.14
na1,434.43,435.05
na2,435.36,435.96
na3,436.26,436.72
na4,437.13,437.66
ne1,437.88,438.55
ne2,438.81,439.42
ne3,439.73,440.17
ne4,440.57,441.08
nai1,441.37,442.04
nai2,442.29,442.94
nai3,443.23,443.72
nai4,444.16,444.68
nei1,444.97,445.65
nei2,445.95,446.57
nei3,446.83,447.32
nei4,447.69,448.22
nao1,448.53,449.18
nao2,449.49,450.15
nao3,450.47,450.99
nao4,451.43,452.01
nou1,452.34,453.01
nou2,453.3,453.97
nou3,454.24,454.77
nou4,455.15,455.71
nan1,456.05,456.7
nan2,457.01,457.63
nan3,457.86,458.38
nan4,458.8,459.36
nen1,459.64,460.33
nen2,460.65,461.3
nen3,461.61,462.1
nen4,462.55,463.08
nang1,463.41,464.08
nang2,464.35,465.01
nang3,465.31,465.77
nang4,466.2,466.75
neng1,467.06,467.65
neng2,468,468.63
neng3,468.96,469.44
neng4,469.96,470.49
ni1,470.8,471.45
ni2,471.81,472.51
ni3,472.85,473.35
ni4,473.82,474.41
nie1,474.77,475.45
nie2,475.79,476.45
nie3,476.71,477.31
nie4,477.67,478.25
niao1,478.59,479.27
niao2,479.59,480.26
niao3,480.64,481.16
niao4,481.58,482.17
niu1,482.47,483.07
niu2,483.45,484.08
niu3,484.42,484.96
niu4,485.37,485.97
nian1,486.25,486.89
nian2,487.28,487.94
nian3,488.33,488.9
nian4,489.28,489.87
nin1,490.12,490.87
nin2,491.18,491.83
nin3,492.22,492.8
nin4,493.29,493.81
ning1,494.16,494.76
ning2,495.23,495.86
ning3,496.28,496.75
ning4,497.19,497.73
niang1,497.9,498.57
niang2,498.93,499.58
niang3,499.94,500.42
niang4,500.85,501.44
nu1,501.74,502.38
nu2,502.72,503.39
nu3,503.74,504.22
nu4,504.72,505.22
nuo1,505.49,506.2
nuo2,506.51,507.2
nuo3,507.5,508.1
nuo4,508.42,509.07
哇這開首播就超無聊的欸,509.33,511.36
如果開首播的話,511.57,512.56
nuan1,512.96,513.67
nuan2,514.07,514.78
nuan3,515.07,515.63
nuan4,516.03,516.62
nong1,516.91,517.61
nong2,517.95,518.58
nong3,518.98,519.45
nong4,519.99,520.52
nyu1,520.83,521.54
nyu2,521.87,522.54
__,522.57,522.78
nyu3,522.92,523.43
nyu4,523.9,524.42
nyue1,524.58,525.41
nyue2,525.77,526.47
nyue3,526.85,527.4
nyue4,527.91,528.46
la1,528.76,529.39
la2,529.7,530.33
la3,530.75,531.19
la4,531.71,532.29
la5,532.88,533.31
le1,533.69,534.34
le2,534.7,535.34
le3,535.73,536.2
le4,536.66,537.16
le5,537.7,538.09
lai1,538.49,539.14
lai2,539.43,540.03
lai3,540.37,540.88
lai4,541.3,541.85
lei1,542.2,542.82
lei2,543.17,543.8
lei3,544.15,544.64
lei4,545.05,545.62
lao1,545.99,546.65
lao2,546.97,547.58
lao3,547.97,548.44
lao4,548.89,549.42
lao5,549.95,550.42
lou1,550.8,551.41
lou2,551.72,552.32
lou3,552.65,553.14
lou4,553.54,554.06
lou5,554.54,554.94
lan1,555.29,555.92
lan2,556.23,556.84
lan3,557.22,557.67
lan4,558.14,558.68
lang1,558.98,559.58
lang2,559.89,560.52
lang3,560.91,561.34
lang4,561.89,562.37
leng1,562.82,563.45
leng2,563.78,564.39
leng3,564.78,565.22
leng4,565.74,566.22
li1,566.56,567.12
li2,567.46,568.05
li3,568.41,568.83
li4,569.27,569.8
lia1,570.2,570.86
lia2,571.18,571.8
lia3,572.2,572.74
lia4,573.2,573.77
有 lia4 喔？,574.14,574.82
不是注音喔？,574.93,575.87
lia ㄌ、ㄧ、ㄚ lia,576.05,577.31
lia5,577.49,577.96
-欸對啊， lia 是什麼 -沒關係你剛剛念的很多有一些都...,578.07,581.51
-哈哈哈 -像 dio3 猴的 dio3,581.52,583.64
-並沒有 -dio3,583.85,584.8
-欸對啊 ㄉ、ㄧ、ㄛ dio是什麼東西？ -沒有dio3 -中猴,584.87,589.23
嘻～嘻～,589.26,591.09
＿＿,591.11,591.38
lie1,591.63,592.31
lie2,592.54,593.19
lie3,593.52,594.05
lie4,594.42,595.05
liao1,595.38,596.07
liao2,596.29,596.95
liao3,597.26,597.74
liao4,598.15,598.69
liu1,599.08,599.76
liu2,600.01,600.64
liu3,601.02,601.48
liu4,601.88,602.49
lian1,602.86,603.53
lian2,603.8,604.43
lian3,604.77,605.26
lian4,605.76,606.28
lin1,606.53,607.21
lin2,607.51,608.15
lin3,608.53,608.99
lin4,609.48,610.03
liang1,610.23,610.94
liang2,611.15,611.89
liang3,612.15,612.68
liang4,613.13,613.68
ling1,613.91,614.55
ling2,614.81,615.44
ling3,615.79,616.2
ling4,616.66,617.22
lu1,617.49,618.15
lu2,618.37,619
lu3,619.42,619.93
lu4,620.41,620.91
luo1,621.18,621.87
luo2,622.11,622.78
luo3,623.03,623.57
luo4,624.07,624.6
luang1,624.9,625.59
luang2,625.84,626.48
luang3,626.87,627.33
luang4,627.78,628.33
lun1,628.61,629.23
lun2,629.56,630.15
lun3,630.54,630.95
lun4,631.47,631.96
long1,632.29,632.95
long2,633.29,633.91
long3,634.3,634.82
long4,635.34,635.8
lyu1,636.16,636.8
lyu2,637.05,637.74
lyu3,638.09,638.61
lyu4,639.03,639.59
luye1,639.93,640.55
luye2,640.95,641.56
luye3,641.94,642.44
luye4,642.87,643.45
欸？ㄌㄩㄢ？ㄌㄩㄢ？,643.62,644.77
ㄌㄩㄢ是什麼啊，有ㄌㄩㄢ這個音嗎,644.8,646.44
-ㄌㄩㄢ -ㄌㄩㄢ哪會出來啊，好不要唸了,646.51,649.19
ga1,649.37,649.96
ga2,650.34,650.93
ga3,651.41,651.83
ga4,652.39,652.84
尬聊,653.11,653.56
尬車,653.69,654.25
ge1,654.57,655.13
ge2,655.59,656.13
ge3,656.6,657.05
ge4,657.6,658.07
ge5,658.62,658.99
gai1,659.29,659.87
gai2,660.2,660.76
gai3,661.16,661.55
gai4,662.1,662.54
gei1,662.85,663.42
gei2,663.77,664.31
gei3,664.76,665.16
gei4,665.76,666.24
gao1,666.57,667.16
gao2,667.52,668.08
gao3,668.52,668.94
gao4,669.41,669.91
gou1,670.23,670.81
gou2,671.17,671.72
gou3,672.11,672.55
gou4,673.08,673.57
gan1,673.92,674.48
吸氣,674.99,675.26
gan1-1,675.88,676.46
gan2-1,676.91,677.42
gan3,677.97,678.36
嘻笑聲,680.1,680.88
gan4-笑音1,680.99,681.47
嗯哼！,681.8,682.45
沒什麼好笑的，來,682.5,683.77
gan1-2,683.97,684.54
gan2-2,684.9,685.44
ga4-氣音,685.9,686.29
gan4-笑音2,687.13,687.61
＿＿,688.32,688.79
gan4,689.46,689.95
gen1,690.31,690.79
gen2,691.22,691.74
gen3,692.19,692.6
gen4,693.17,693.62
gang1,693.9,694.44
gang2,694.84,695.36
gang3,695.83,696.24
gang4,696.76,697.23
geng1,697.48,698.04
geng2,698.44,699.03
geng3,699.44,699.88
geng4,700.42,700.88
gu1,701.19,701.75
gu2,702.17,702.76
gu3,703.25,703.72
gu4,704.26,704.74
gua1,704.98,705.55
gua2,705.94,706.51
gua3,706.97,707.41
gua4,707.97,708.48
guo1,708.68,709.27
guo2,709.71,710.3
guo3,710.76,711.2
guo4,711.69,712.2
guai1,712.47,713.06
guai2,713.4,713.97
guai3,714.37,714.78
guai4,715.37,715.84
guei1,716.22,716.75
guei2,717.16,717.71
guei3,718.17,718.58
guei4,719.15,719.61
guan1,719.9,720.47
guan2,720.85,721.48
guan3,721.91,722.33
guan4,722.93,723.39
gun1,723.65,724.17
gun2,724.69,725.24
gun3,725.82,726.31
gun4,726.92,727.4
guang1,727.78,728.29
guang2,728.8,729.45
guang3,729.85,730.26
guang4,730.94,731.4
gong1,731.73,732.25
gong2,732.73,733.28
gong3,733.8,734.25
gong4,734.86,735.34
ka1,735.71,736.31
ka2,736.78,737.39
ka3,737.81,738.28
ka4,738.79,739.34
ke1,739.65,740.27
ke2,740.69,741.33
ke3,741.75,742.29
ke4,742.81,743.36
kai1,743.73,744.39
kai2,744.75,745.4
kai3,745.85,746.39
kai4,746.9,747.47
kao1,747.74,748.37
kao2,748.71,749.36
kao3,749.76,750.27
kao4,750.81,751.35
kou1,751.62,752.24
kou2,752.67,753.31
kou3,753.71,754.23
kou4,754.7,755.27
kan1,755.45,756.04
kan2,756.46,757.07
kan3,757.49,757.99
kan4,758.48,759
ken1,759.27,759.82
ken2,760.26,760.88
ken3,761.23,761.7
ken4,762.29,762.8
kang1,763.04,763.65
kang2,764.01,764.62
kang3,765.04,765.51
kang4,766.06,766.6
keng1,766.95,767.56
keng2,767.96,768.6
keng3,768.98,769.47
keng4,769.98,770.53
ku1,770.75,771.35
ku2,771.71,772.36
ku3,772.78,773.31
ku4,773.76,774.33
kua1,774.6,775.25
kua2,775.54,776.21
kua3,776.63,777.16
kua4,777.61,778.22
kuo1,778.55,779.26
kuo2,779.51,780.23
kuo3,780.48,781.08
kuo4,781.44,782.05
kuai1,782.3,782.95
kuai2,783.28,783.98
kuai3,784.32,784.86
kuai4,785.29,785.87
kuo1,786.18,786.81
kuo2,787.16,787.84
kuo3,788.15,788.73
kuo4,789.1,789.67
kui1,789.87,790.49
kui2,790.8,791.44
kui3,791.77,792.36
kui4,792.79,793.37
kuan1,793.66,794.33
kuan2,794.57,795.3
kuan3,795.53,796.08
kuan4,796.52,797.06
kun1,797.3,797.89
kun2,798.23,798.86
kun3,799.22,799.72
kun4,800.16,800.72
kuang1,801.05,801.69
kuang2,802.01,802.67
kuang3,803.03,803.56
kuang4,804,804.56
kong1,804.85,805.49
kong2,805.8,806.47
kong3,806.86,807.39
kong4,807.85,808.4
ha1,808.64,809.29
ha2,809.6,810.31
ha3,810.66,811.17
ha4,811.69,812.24
__,813.74,815.25
___,815.48,815.85
___,816.14,816.84
he1,817.16,817.82
he2,818.24,818.74
he3,819.31,819.84
he4,820.03,820.66
hai1,820.96,821.59
hai2,821.95,822.44
hai3,822.94,823.52
hai4,823.75,824.35
hei1,824.65,825.33
hei2,825.35,825.56
hei3,825.62,826.16
hei4,826.61,827.18
hao1,827.43,828.07
hao2,828.37,829.05
hao3,829.36,829.89
hao4,830.32,830.9
hou1,831.1,831.74
hou2,832.07,832.7
hou3,833.11,833.61
hou4,834.04,834.6
han1,834.83,835.47
han2,835.88,836.53
han3,836.95,837.46
han4,838.08,838.63
hen1,838.87,839.5
hen2,839.86,840.52
hen3,840.92,841.46
hen4,842.01,842.56
hang1,842.81,843.46
hang2,843.87,844.51
hang3,844.91,845.41
hang4,845.96,846.51
heng1,846.88,847.48
heng2,847.94,848.61
heng3,849.03,849.55
heng4,850.11,850.65
hu1,850.94,851.59
hu2,852.01,852.73
hu3,853.09,853.65
hu4,854.16,854.71
hua1,854.96,855.68
hua2,856.09,856.7
hua3,857.12,857.54
hua4,858.05,858.65
huo1,858.89,859.62
huo2,859.92,860.62
huo3,860.99,861.58
huo4,861.98,862.58
huai1,862.75,863.46
huai2,863.78,864.52
huai3,864.96,865.41
huai4,865.95,866.49
hui1,866.75,867.48
hui2,867.84,868.48
hui3,868.95,869.43
hui4,869.93,870.53
huan1,870.77,871.47
huan2,871.8,872.48
huan3,872.91,873.38
huan4,873.91,874.44
hun1,874.7,875.43
hun2,875.78,876.48
hun3,876.97,877.48
hun4,878.02,878.52
huang1,878.77,879.43
huang2,879.83,880.53
huang3,881.02,881.47
huang4,881.99,882.5
hong1,882.61,883.3
hong2,883.73,884.34
hong3,884.84,885.34
hong4,885.9,886.47
ji1,886.74,887.37
ji2,887.86,888.49
ji3,888.96,889.49
ji4,889.99,890.54
jia1,890.88,891.57
jia2,891.97,892.6
jia3,893.09,893.58
jia4,894.23,894.76
jie1,895.13,895.82
jie2,896.16,896.85
jie3,897.31,897.83
jie4,898.39,898.91
jiao1,899.26,899.9
jiao2,900.08,900.9
jiao3,901.42,901.91
jiao4,902.32,903.29
jiao1-2,903.32,903.97
jiao2-2,904.34,904.94
jiao3-2,905.45,905.9
jiao4-2,906.51,907.02
jiu1,907.36,907.94
jiu2,908.43,908.99
jiu3,909.49,909.96
jiu4,910.6,911.09
jian1,911.45,912.07
jian2,912.57,913.21
jian3,913.71,914.18
jian4,914.85,915.37
jin1,915.72,916.32
jin2,916.75,917.28
jin3,917.89,918.33
jin4,919,919.5
jiang1,919.77,920.35
jiang2,920.9,921.49
jiang3,921.97,922.4
jiang4,923.04,923.53
jing1,923.86,924.4
jing2,924.98,925.6
jing3,926.14,926.57
jing4,927.33,927.8
ju1,928.07,928.63
ju2,929.1,929.75
ju3,930.17,930.67
ju4,931.3,931.8
jue1,932.14,932.79
jue2,933.23,933.9
jue3,934.34,934.86
jue4,935.38,935.94
juan1,936.28,936.88
juan2,937.32,937.91
juan3,938.42,938.9
juan4,939.43,939.97
jun1,940.29,940.93
jun2,941.41,942.01
jun3,942.51,942.98
jun4,943.65,944.22
jiong1,944.5,945.09
jiong2,945.56,946.19
jiong3,946.7,947.15
jiong4,947.77,948.28
qi1,948.62,949.28
qi2,949.62,950.3
qi3,950.77,951.32
qi4,951.85,952.43
qia1,952.72,953.4
qia2,953.76,954.43
qia3,954.84,955.37
qia4,955.9,956.47
qie1,956.87,957.6
qie2,957.85,958.6
qie3,959,959.57
qie4,960.06,960.65
qiao1,960.99,961.71
qiao2,962.04,962.79
qiao3,963.1,963.68
qiao4,964.19,964.82
qiu1,965.14,965.86
qiu2,966.19,966.87
qiu3,967.29,967.8
qiu4,968.38,968.97
qian1,969.28,969.99
qian2,970.37,971.04
qian3,971.52,972.06
qian4,972.68,973.23
qin1,973.54,974.16
qin2,974.53,975.18
qin3,975.6,976.13
qin4,976.64,977.22
qiang1,977.42,978.08
qiang2,978.47,979.16
qiang3,979.6,980.1
qiang4,980.68,981.24
qing1,981.52,982.16
qing2,982.52,983.15
qing3,983.6,984.08
qing4,984.62,985.16
qu1,985.43,986.07
qu2,986.46,987.15
qu3,987.64,988.27
qu4,988.8,989.34
que1,989.61,990.32
que2,990.65,991.41
que3,991.81,992.4
que4,992.87,993.5
quan1,993.81,994.47
quan2,994.9,995.62
quan3,996.02,996.6
quan4,997.15,997.83
qun1,998,998.67
qun2,999.15,999.92
qun3,1000.3,1000.88
qun4,1001.45,1002.02
qiong1,1002.29,1002.97
qiong2,1003.46,1004.19
qiong3,1004.61,1005.18
qiong4,1005.75,1006.34
xi1,1006.66,1007.37
xi2,1007.75,1008.48
xi3,1008.92,1009.5
xi4,1009.97,1010.66
xia1,1010.9,1011.66
xia2,1012.02,1012.72
xia3,1013.18,1013.76
xia4,1014.23,1014.88
xie1,1015.09,1015.86
xie2,1016.24,1016.99
xie3,1017.42,1018.07
xie4,1018.53,1019.19
xiao1,1019.49,1020.28
xiao2,1020.6,1021.4
xiao3,1021.71,1022.35
xiao4,1022.9,1023.63
xiu1,1023.81,1024.68
xiu2,1025.13,1025.84
xiu3,1026.19,1026.77
xiu4,1027.18,1027.85
xian1,1028.08,1028.85
xian2,1029.17,1029.94
xian3,1030.35,1030.91
xian4,1031.38,1032.06
xin1,1032.27,1033
xin2,1033.34,1034.03
xin3,1034.44,1035
xin4,1035.52,1036.13
xiang1,1036.37,1037.11
xiang2,1037.48,1038.2
xiang3,1038.53,1039.14
xiang4,1039.58,1040.21
xing1,1040.47,1041.18
xing2,1041.53,1042.27
xing3,1042.7,1043.27
xing4,1043.79,1044.41
xu1,1044.65,1045.4
xu2,1045.77,1046.54
xu3,1046.83,1047.47
xu4,1048.04,1048.67
xue1,1048.89,1049.7
xue2,1050.02,1050.85
xue3,1051.16,1051.86
xue4,1052.26,1052.91
xuan1,1053.17,1053.94
xuan2,1054.35,1055.08
xuan3,1055.49,1056.08
xuan4,1056.61,1057.28
xun1,1057.53,1058.23
xun2,1058.64,1059.37
xun3,1059.79,1060.33
xun4,1060.88,1061.55
xiong1,1061.78,1062.49
xiong2,1062.96,1063.68
xiong3,1064.09,1064.66
xiong4,1065.12,1065.85
zhi1,1066.15,1066.77
zhi2,1067.3,1067.94
zhi3,1068.41,1068.94
zhi4,1069.57,1070.09
zha1,1070.47,1071.08
zha2,1071.58,1072.17
zha3,1072.7,1073.11
zha4,1073.77,1074.26
zhe1,1074.6,1075.24
zhe2,1075.69,1076.29
zhe3,1076.79,1077.25
zhe4,1077.9,1078.39
zhe5,1078.78,1079.13
zhai1,1079.47,1080.07
zhai2,1080.48,1081.08
zhai3,1081.53,1081.95
zhai4,1082.6,1083.08
zhei1,1083.3,1083.85
zhei1-抖音,1083.98,1084.6
ㄓ、ㄟ ㄓㄟ有這個音嗎？J個是,1084.89,1086.47
zhei1-2,1086.49,1088.31
zhei2,1088.89,1089.51
zhei3,1090.03,1090.67
zhei4,1091.28,1091.74
__,1092.49,1093.01
沒有這個音,1093.5,1094.61
zhao1,1094.87,1095.48
zhao2,1095.92,1096.54
zhao3,1097.01,1097.48
zhao4,1098.12,1098.62
zhou1,1099.01,1099.58
zhou2,1100.06,1100.62
zhou3,1101.2,1101.65
zhou4,1102.24,1102.78
zhan1,1103.11,1103.7
zhan2,1104.14,1104.69
zhan3,1105.19,1105.62
zhan4,1106.23,1106.69
zhen1,1107.02,1107.78
zhen2,1108.03,1108.57
zhen3,1109.11,1109.5
zhen4,1110.11,1110.58
zhang1,1110.9,1111.45
zhang2,1111.89,1112.44
zhang3,1112.98,1113.39
zhang4,1114.06,1114.49
zheng1,1114.85,1115.42
zheng2,1115.92,1116.52
zheng3,1116.99,1117.41
zheng4,1118.07,1118.5
zhu1,1118.84,1119.45
zhu2,1119.89,1120.48
zhu3,1121.01,1121.43
zhu4,1122.1,1122.56
zhua1,1122.91,1123.5
zhua2,1123.89,1124.52
zhua3,1124.99,1125.45
zhua4,1126.03,1126.53
zhuo1,1126.85,1127.51
zhuo2,1127.94,1128.59
zhuo3,1129.05,1129.55
zhuo4,1130.06,1130.57
zhuai1,1130.94,1131.58
zhuai2,1132,1132.68
zhuai3,1133.11,1133.56
zhuai4,1134.16,1134.64
zhui1,1135.02,1135.64
zhui2,1136.11,1136.74
zhui3,1137.2,1137.69
zhui4,1138.29,1138.78
zhuan1,1139.23,1139.84
zhuan2,1140.26,1140.9
zhuan3,1141.41,1141.83
zhuan4,1142.56,1143.01
zhun1,1143.54,1144.11
zhun2,1144.6,1145.18
zhun3,1145.74,1146.17
zhun4,1146.83,1147.29
zhuang1,1147.71,1148.28
zhuang2,1148.83,1149.43
zhuang3,1149.98,1150.39
zhuang4,1151.08,1151.54
zhong1,1151.96,1152.54
zhong2,1153.05,1153.61
zhong3,1154.28,1154.69
zhong4,1155.38,1155.83
chi1,1156.25,1156.94
chi2,1157.35,1158.04
chi3,1158.46,1159.03
chi4,1159.59,1160.17
cha1,1160.5,1161.15
cha2,1161.56,1162.23
cha3,1162.72,1163.24
cha4,1163.76,1164.31
che1,1164.67,1165.37
che2,1165.8,1166.49
che3,1166.94,1167.49
che4,1168.02,1168.62
chai1,1169.03,1169.72
chai2,1170.06,1170.81
chai3,1171.14,1171.72
chai4,1172.19,1172.78
chao1,1173.07,1173.77
chao2,1174.12,1174.88
chao3,1175.28,1175.8
chao4,1176.39,1176.96
chou1,1177.38,1178.05
chou2,1178.46,1179.13
chou3,1179.56,1180.12
chou4,1180.65,1181.26
chan1,1181.68,1182.33
chan2,1182.73,1183.4
chan3,1183.88,1184.41
chan4,1184.99,1185.55
chen1,1185.95,1186.6
chen2,1186.98,1187.63
chen3,1188.11,1188.64
chen4,1189.17,1189.7
chang1,1190.06,1190.69
chang2,1191.12,1191.8
chang3,1192.21,1192.72
chang4,1193.29,1193.82
cheng1,1194.05,1194.68
cheng2,1195.13,1195.8
cheng3,1196.18,1196.73
cheng4,1197.26,1197.81
chu1,1198.17,1198.81
chu2,1199.18,1199.86
chu3,1200.24,1200.74
chu4,1201.31,1201.87
chuai1,1202.29,1203.03
chuai2,1203.36,1204.11
chuai3,1204.49,1205.07
chuai4,1205.56,1206.17
chui1,1206.5,1207.19
chui2,1207.53,1208.27
chui3,1208.62,1209.21
chui4,1209.71,1210.31
chuan1,1210.62,1211.22
chuan2,1211.6,1212.32
chuan3,1212.72,1213.26
chuan4,1213.8,1214.37
chun1,1214.7,1215.3
chun2,1215.73,1216.43
chun3,1216.82,1217.38
chun4,1217.88,1218.43
chuang1,1218.86,1219.54
chuang2,1219.94,1220.66
chuang3,1221.05,1221.57
chuang4,1222.09,1222.64
chong1,1222.99,1223.6
chong2,1224.06,1224.76
chong3,1225.15,1225.67
chong4,1226.22,1226.76
shi1,1227.06,1227.77
shi2,1228.13,1228.82
shi3,1229.2,1229.87
shi4,1230.25,1230.86
sha1,1231.12,1231.79
sha2,1232.22,1232.89
sha3,1233.29,1233.83
sha4,1234.34,1234.92
she1,1235.2,1235.96
she2,1236.3,1237.11
she3,1237.38,1238.05
she4,1238.47,1239.15
she5,1239.68,1240.23
shai1,1240.59,1241.31
shai2,1241.68,1242.44
shai3,1242.83,1243.4
shai4,1243.91,1244.54
,1244.63,1244.84
shei1,1244.85,1245.62
shei2,1245.92,1246.76
shei3,1247.09,1247.65
shei4,1248.11,1248.75
shao1,1249.04,1249.83
shao2,1250.12,1250.93
shao3,1251.3,1251.86
shao4,1252.34,1252.98
shou1,1253.3,1254.05
shou2,1254.39,1255.2
shou3,1255.58,1256.27
shou4,1256.74,1257.4
shan1,1257.66,1258.39
shan2,1258.7,1259.41
shan3,1259.84,1260.4
shan4,1260.92,1261.51
shen1,1261.85,1262.55
shen2,1262.96,1263.64
shen3,1264.08,1264.74
shen4,1265.18,1265.87
shang1,1266.18,1266.95
shang2,1267.28,1268.1
shang3,1268.42,1269.07
shang4,1269.57,1270.2
sheng1,1270.47,1271.23
sheng2,1271.54,1272.35
sheng3,1272.74,1273.38
sheng4,1273.84,1274.47
shu1,1274.77,1275.45
shu2,1275.87,1276.63
shu3,1277.03,1277.6
shu4,1278.09,1278.71
shuai1,1278.94,1279.71
shuai2,1280.06,1280.88
shuai3,1281.19,1281.87
shuai4,1282.36,1283
shua1,1283.36,1284.06
shua2,1284.41,1285.1
shua3,1285.43,1286.01
shua4,1286.52,1287.19
shuo1,1287.4,1288.12
shuo2,1288.45,1289.17
shuo3,1289.48,1290.08
shuo4,1290.44,1291.09
shui1,1291.45,1292.26
shui2,1292.59,1293.39
shui3,1293.74,1294.33
shui4,1294.83,1295.46
shuan1,1295.78,1296.49
shuan2,1296.81,1297.64
shuan3,1297.99,1298.58
shuan4,1299.08,1299.7
shun1,1299.94,1300.63
shun2,1301,1301.71
shun3,1302.16,1302.72
shun4,1303.25,1303.85
shuang1,1304.14,1304.87
shuang2,1305.27,1306.02
shuang3,1306.46,1306.98
shuang4,1307.5,1308.1
ri1,1308.42,1309.1
ri2,1309.53,1310.23
ri3,1310.76,1311.21
,1311.22,1311.44
ri4,1311.75,1312.29
re1,1312.56,1313.25
re2,1313.64,1314.29
re3,1314.73,1315.24
re4,1315.74,1316.34
rao1,1316.6,1317.3
rao2,1317.71,1318.35
rao3,1318.78,1319.32
rao4,1319.84,1320.39
rou1,1320.75,1321.44
rou2,1321.85,1322.48
rou3,1322.94,1323.46
rou4,1324.05,1324.59
ran1,1324.95,1325.59
ran2,1326.01,1326.67
ran3,1327.09,1327.59
ran4,1328.09,1328.66
ren1,1328.91,1329.53
ren2,1329.94,1330.56
ren3,1331.06,1331.55
ren4,1332.05,1332.65
rang1,1332.83,1333.48
rang2,1333.93,1334.56
rang3,1334.99,1335.53
rang4,1336.11,1336.6
ru1,1336.85,1337.46
ru2,1337.87,1338.51
ru3,1338.94,1339.44
ru4,1339.93,1340.47
ruo1,1340.6,1341.52
ruo2,1341.85,1342.56
ruo3,1342.95,1343.51
ruo4,1343.8,1344.58
rui1,1344.89,1345.63
rui2,1345.92,1346.61
rui3,1347.01,1347.55
rui4,1348,1348.62
ruan1,1348.95,1349.64
ruan2,1350.04,1350.73
ruan3,1351.22,1351.71
ruan4,1352.3,1352.87
run1,1353.22,1353.84
run2,1354.2,1354.83
run3,1355.21,1355.75
run4,1356.2,1356.73
rong1,1357.07,1357.7
rong2,1358.06,1359.1
rong3,1359.12,1359.61
rong4,1360.2,1360.68
zi1,1361.07,1361.66
zi2,1362.19,1362.77
zi3,1363.38,1363.83
zi4,1364.58,1365.03
za1,1365.41,1365.95
za2,1366.44,1367.01
za3,1367.57,1367.98
za4,1368.62,1369.09
ze1,1369.39,1369.99
ze2,1370.43,1371.04
ze3,1371.58,1372.03
ze4,1372.68,1373.14
zai1,1373.39,1374.16
zai2,1374.69,1375.23
zai3,1375.79,1376.17
zai4,1376.89,1377.35
zei1,1377.72,1378.29
zei2,1378.86,1379.42
zei3,1380.02,1380.43
zei4,1381.08,1381.53
zao1,1381.86,1382.45
zao2,1382.92,1383.53
zao3,1384.02,1384.51
zao4,1385.08,1385.56
zou1,1385.93,1386.49
zou2,1387.01,1387.57
zou3,1388.1,1388.54
zou4,1389.21,1389.67
zan1,1390.05,1390.62
zan2,1391.13,1391.7
zan3,1392.23,1392.78
zan4,1393.27,1393.75
zen1,1394.09,1394.65
zen2,1395.13,1395.7
zen3,1396.24,1396.66
zen4,1397.36,1397.92
zang1,1398.19,1398.73
zang2,1399.21,1399.79
zang3,1400.36,1400.79
zang4,1401.41,1401.86
zeng1,1402.18,1402.76
zeng2,1403.23,1403.76
zeng3,1404.36,1404.74
zeng4,1405.47,1405.95
zu1,1406.17,1406.73
zu2,1407.16,1407.71
zu3,1408.35,1408.76
zu4,1409.51,1409.98
zuo1,1410.4,1411.08
zuo2,1411.53,1412.15
zuo3,1412.69,1413.17
zuo4,1413.76,1414.26
zui1,1414.68,1415.25
zui2,1415.74,1416.35
zui3,1416.88,1417.33
zui4,1417.98,1418.47
zuan1,1418.81,1419.39
zuan2,1419.83,1420.43
zuan3,1421,1421.46
zuan4,1422.16,1422.66
zun1,1422.96,1423.52
zun2,1424.12,1424.69
zun3,1425.12,1425.59
zun4,1426.26,1426.73
zong1,1427.09,1427.72
zong2,1428.19,1428.77
zong3,1429.35,1429.78
zong4,1430.46,1430.92
ci1,1431.3,1431.96
ci2,1432.48,1433.19
ci3,1433.66,1434.22
ci4,1434.89,1435.42
ca1,1435.79,1436.44
ca2,1436.8,1437.46
ca3,1437.96,1438.46
ca4,1439.01,1439.55
ce1,1439.77,1440.48
ce2,1440.8,1441.5
ce3,1441.94,1442.49
ce4,1443.01,1443.6
cai1,1443.93,1444.58
cai2,1445.01,1445.7
cai3,1446.1,1446.61
cai4,1447.17,1447.72
cao1,1448.11,1448.78
cao2,1449.17,1449.82
cao3,1450.28,1450.76
cao4,1451.33,1451.94
cou1,1452.21,1452.83
cou2,1453.26,1453.89
cou3,1454.35,1454.85
cou4,1455.4,1456.01
can1,1456.33,1456.92
can2,1457.41,1458.12
can3,1458.53,1459.03
can4,1459.64,1460.18
cen1,1460.53,1461.16
cen2,1461.56,1462.19
cen3,1462.64,1463.14
cen4,1463.69,1464.24
cang1,1464.6,1465.27
cang2,1465.67,1466.29
cang3,1466.76,1467.22
cang4,1467.79,1468.3
ceng1,1468.68,1469.31
ceng2,1469.66,1470.36
ceng3,1470.78,1471.27
ceng4,1471.78,1472.44
cu1,1472.69,1473.38
cu2,1473.77,1474.44
cu3,1474.88,1475.4
cu4,1475.91,1476.47
cuo1,1476.86,1477.63
cuo2,1477.88,1478.61
cuo3,1478.97,1479.55
cuo4,1479.99,1480.57
cui1,1480.95,1481.68
cui2,1482,1482.71
cui3,1483.12,1483.69
cui4,1484.17,1484.78
cuan1,1485.08,1485.75
cuan2,1486.13,1486.84
cuan3,1487.2,1487.72
cuan4,1488.26,1488.83
cun1,1489.15,1489.78
cun2,1490.18,1490.85
cun3,1491.23,1491.75
cun4,1492.25,1492.8
cong1,1493.12,1493.72
cong2,1494.28,1494.92
cong3,1495.27,1495.76
cong4,1496.36,1496.87
si1,1497.26,1498.05
si2,1498.36,1499.14
si3,1499.45,1500.1
si4,1500.52,1501.16
sa1,1501.49,1502.18
sa2,1502.52,1503.19
sa3,1503.58,1504.09
sa4,1504.59,1505.17
sei1,1505.43,1506.05
sei2,1506.46,1507.13
sei3,1507.58,1508.1
sei4,1508.55,1509.13
se1,1509.49,1510.2
se2,1510.63,1511.23
se3,1511.67,1512.23
se4,1512.75,1513.35
sai1,1513.74,1514.38
sai2,1514.8,1515.5
sai3,1515.98,1516.48
sai4,1517.04,1517.68
sao1,1518.03,1518.71
sao2,1519.13,1519.76
sao3,1520.26,1520.75
sao4,1521.28,1521.87
sou1,1522.22,1522.9
sou2,1523.36,1524.03
sou3,1524.47,1525.09
sou4,1525.59,1526.26
san1,1526.59,1527.25
san2,1527.66,1528.32
san3,1528.67,1529.18
san4,1529.75,1530.3
sen1,1530.57,1531.23
sen2,1531.63,1532.25
sen3,1532.76,1533.24
sen4,1533.8,1534.37
sang1 sang2,1534.72,1536.41
sang3,1536.86,1537.37
sang4,1537.95,1538.51
______,1538.71,1538.92
seng1,1538.98,1539.65
seng2,1539.95,1540.74
seng3,1541.18,1541.66
seng4,1542.31,1542.89
su1,1543.4,1544.06
su2,1544.49,1545.15
su3,1545.59,1546.12
su4,1546.68,1547.27
suo1,1547.61,1548.35
suo2,1548.73,1549.48
suo3,1549.9,1550.51
suo4,1550.97,1551.62
sui1,1551.97,1552.74
sui2,1553.15,1553.79
sui3,1554.23,1554.78
sui4,1555.31,1555.87
suan1,1556.22,1556.9
suan2,1557.28,1557.95
suan3,1558.44,1558.94
suan4,1559.45,1560.06
sun1,1560.41,1561.06
sun2,1561.48,1562.15
sun3,1562.62,1563.12
sun4,1563.62,1564.23
song1,1564.55,1565.26
song2,1565.55,1566.3
song3,1566.65,1567.28
song4,1567.78,1568.39
a1,1568.88,1569.49
a2,1569.86,1570.46
a3,1570.93,1571.34
a4,1571.94,1572.4
a5,1573.06,1573.44
e1,1573.86,1574.48
e2,1574.9,1575.51
e3,1575.9,1576.37
e4,1576.89,1577.37
,1577.57,1577.78
ai1,1577.79,1578.33
ai2,1578.66,1579.27
ai3,1579.65,1580.26
ai4,1580.78,1581.25
ao1,1581.73,1582.26
ao2,1582.65,1583.4
ao3,1583.62,1584.06
ao4,1584.65,1585.16
ou1,1585.56,1586.05
ou2,1586.5,1587.02
ou3,1587.48,1587.94
ou4,1588.47,1588.96
an1,1589.44,1589.94
an2,1590.44,1590.99
an3,1591.49,1591.92
an4,1592.53,1592.99
en1,1593.42,1593.93
en2,1594.65,1595.14
en3,1595.53,1595.91
en4,1596.43,1596.86
ang1,1597.34,1597.9
ang2,1598.36,1598.91
ang3,1599.4,1599.78
ang4,1600.43,1600.89
eng1,1601.34,1601.91
eng2,1602.37,1602.89
eng3,1603.38,1603.79
eng4,1604.32,1604.78
er1,1605.14,1605.73
er2,1606.11,1606.68
er3,1607.16,1607.62
er4,1608.11,1608.6
yi1,1609.06,1609.63
yi2,1610.04,1610.59
yi3,1611.04,1611.45
yi4,1612.01,1612.47
ya1,1612.76,1613.38
ya2,1613.77,1614.34
ya3,1614.78,1615.25
ya4,1615.75,1616.23
yo1,1616.69,1617.33
yo2,1617.68,1618.31
yo3,1618.72,1619.21
yo4,1619.7,1620.25
ye1,1620.55,1621.24
ye2,1621.54,1622.19
ye3,1622.6,1623.13
ye4,1623.59,1624.16
yai1,1624.5,1625.36
yai2,1625.54,1626.24
yai3,1626.67,1627.18
yai4,1627.66,1628.25
yao1,1628.57,1629.23
yao2,1629.62,1630.25
,1630.34,1630.57
yao3,1630.67,1631.2
yao4,1631.71,1632.26
you1,1632.67,1633.31
you2,1633.68,1634.25
you3,1634.73,1635.28
you4,1635.78,1636.34
yan1,1636.73,1637.34
yan2,1637.75,1638.37
yan3,1638.76,1639.28
yan4,1639.8,1640.34
yin1,1640.72,1641.26
yin2,1641.72,1642.26
yin3,1642.81,1643.26
yin4,1643.77,1644.24
yiang1,1644.65,1645.3
yiang2,1645.62,1646.24
yiang3,1646.66,1647.12
yiang4,1647.63,1648.14
ying1,1648.43,1649.03
ying2,1649.41,1650
ying3,1650.42,1650.86
ying4,1651.33,1651.82
wu1,1652.22,1652.79
wu2,1653.19,1653.77
wu3,1654.25,1654.67
wu4,1655.21,1655.69
wa1,1656.1,1656.71
wa2,1657,1657.63
wa3,1658.03,1658.58
wa4,1659.05,1659.59
wo1,1659.93,1660.57
wo2,1660.87,1661.51
wo3,1661.88,1662.43
wo4,1662.8,1663.4
wai1,1663.82,1664.47
wai2,1664.75,1665.34
wai3,1665.72,1666.2
wai4,1666.64,1667.2
wei1,1667.57,1668.18
wei2,1668.59,1669.15
wei3,1669.62,1670.12
wei4,1670.63,1671.15
wan1,1671.57,1672.2
wan2,1672.56,1673.18
wan3,1673.59,1674.04
wan4,1674.47,1675.01
wen1,1675.4,1676
wen2,1676.47,1677.04
wen3,1677.46,1677.91
wen4,1678.44,1678.95
wang1,1679.35,1680.03
wang2,1680.4,1680.99
wang3,1681.37,1681.83
wang4,1682.31,1682.85
weng1,1683.21,1683.86
weng2,1684.24,1684.84
weng3,1685.29,1685.74
weng4,1686.27,1686.84
yu1,1687.2,1687.78
yu2,1688.16,1688.73
yu3,1689.24,1689.65
yu4,1690.22,1690.7
yue1,1691.13,1691.82
yue2,1692.19,1692.83
yue3,1693.27,1693.79
yue4,1694.31,1694.88
yuan1,1695.35,1696.03
yuan2,1696.37,1697.03
yuan3,1697.51,1697.95
yuan4,1698.51,1699.05
yun1,1699.47,1700.1
yun2,1700.51,1701.13
yun3,1701.59,1702.06
yun4,1702.59,1703.11
yong1,1703.51,1704.2
yong2,1704.6,1705.17
yong3,1705.68,1706.18
yong4,1706.72,1707.25
(音樂斷片1),1707.34,1707.56
(音樂斷片2),1707.73,1707.94
(音樂斷片3),1707.95,1708.21
念完了(*嘆氣*)，我們剛剛大概花了五十分鐘吧。,1708.32,1712.74
(音樂斷片4),1712.75,1712.96
(*嘖*),1713.05,1713.54
...半天的素材,1713.72,1715.16
好累,1715.2,1715.85
總之呢，同學們可以把這個影片下載下來，然後去拚拚湊湊(*拼拚湊湊*)把它剪下來，然後ㄅㄚ..再合上我們剛剛的...,1715.98,1722.65
祝福賀詞,1722.69,1723.88
...就可以把它變成:「祝福 [如何爽大學] 的同學，前程似錦，畢業快樂」，進階使用，如果你今天你朋友要生日你就可以變成:「 [好啦柏翰生日快樂怎麼樣生日禮物我找How哥錄影片給你那我生日要 ㄆㄧ ㄟ ㄙˇ ㄨˇ 呦] 」，再更進階的，如果你今天 你要求婚，你可以把它變成:「 [幹嫁給我啦拜託啦說好了喔ㄅㄅ] 」，就這個樣子，萬用，我之後乾脆商業影片我就再也不拍了，之後廠商找我們就這個影片剪剪拚拚湊湊...,1724,1756.18
...就是我們的HowFun影片了。太棒了，我今天就花了這50分鐘，我之後一勞永逸。觀眾朋友們，前面那一段..是不是你直接就拉過了,1756.23,1762.11
(音樂斷片5),1762.16,1762.63
是不是你直接跳過去,1762.68,1763.82
我們藏個小彩蛋在裡面,1763.84,1765.12
你可能有發現你可能沒發現，也可能沒有彩蛋w,1765.16,1767.91
你可能看完怒退訂閱，我這邊祝福所有的幼稚園國小國中高中大學研究所博士班的同學們,1768.09,1774.97
畢業快樂,1774.99,1775.92
那就這樣,1776.15,1776.98
ㄅㄅ,1777.45,1777.93